[{
	"fileName": "Saample2.rtf",
	"docId": "0d2befa9070241c4a4376d79ec9bf049",
	"name": "Niteen",
	"emailId": "niteen@gmail.com",
	"phoneNumber": "98451845",
	"score": "14"
}, {
	"fileName": "Saample2.rtf",
	"docId": "1a6651f2ad1c4c00b1252c178c81858b",
	"name": "Name- Manmohan1\t",
	"emailId": "manmohan@gmail.com",
	"phoneNumber": "8789545641",
	"score": "14"
}, {
	"fileName": "Niteen_Java_Full_Stack_Developer_5.9.docx",
	"docId": "74f803e91932435f87c186fc3018f572",
	"name": "NITEEN CHOUGULA",
	"emailId": "niteen2010@gmail.com",
	"phoneNumber": "538-127 / 9481",
	"score": "64"
}, {
	"fileName": "AnjanaCSekhar[9_0].doc",
	"docId": "d7427fb1a24743679fb475575125442c",
	"emailId": "anjana.abilash@gmail.com",
	"phoneNumber": "+919886955130",
	"score": "38"
}, {
	"fileName": "GadireddiNagasubrahmanyeswararao[10_0].docx",
	"docId": "ae09b9d3f3c74d9ab9969324dd9c8ed2",
	"name": "\tNS RaoGadireddi",
	"emailId": "subbug2@gmail.com",
	"phoneNumber": "9940171248",
	"score": "34"
}, {
	"fileName": "DEBARSHIDASGUPTA[8_0].pdf",
	"docId": "8ae8d086c1804d88becfbc361a436d1e",
	"emailId": "debarshi.dasgupta@hotmail.com",
	"phoneNumber": "8971111126",
	"score": "36"
}, {
	"fileName": "upload-test-file8371373552784835078.txt",
	"docId": "9f898d14015446979d7ca20e7c22c091",
	"name": "some test content..."
}, {
	"fileName": "upload-test-file7701738657166845375.txt",
	"docId": "b88514c6b03144b59569754536992eef",
	"name": "some test content..."
}, {
	"fileName": "upload-test-file2648717570690614587.txt",
	"docId": "558f9d76e707456fbd80525ef5774e44",
	"name": "some test content..."
}, {
	"fileName": "upload-test-file921608306822538111.txt",
	"docId": "9f97570e7a5a428c951b6d8694c64464",
	"name": "some test content..."
}, {
	"fileName": "upload-test-file2108451296631090134.txt",
	"docId": "4ce41406c7d643198ec8090a2aebffc6",
	"name": "some test content..."
}, {
	"fileName": "upload-test-file6336331923787311493.txt",
	"docId": "29e7d0ca4a9b4f9392f5a42464c10b35",
	"name": "some test content..."
}, {
	"fileName": "upload-test-file2592151288316116981.txt",
	"docId": "666aae18e6794c0aa57c8f686897bf76",
	"name": "some test content..."
}, {
	"fileName": "upload-test-file8886665354314669420.txt",
	"docId": "e1587d21d1804f1590abd024e4bf865f",
	"name": "some test content..."
}, {
	"fileName": "upload-test-file37619645076444199.txt",
	"docId": "d9ff06aa70ba472cab363136b0d16a1f",
	"name": "some test content..."
}, {
	"fileName": "upload-test-file7658261336386585344.txt",
	"docId": "268ac8dd4da4447ea338de32cdb18105"
}, {
	"fileName": "upload-test-file7850143142928708951.txt",
	"docId": "4459eeb07f9f4d7faf108beb9a553869",
	"name": "some test content..."
}, {
	"fileName": "upload-test-file372592026682724003.txt",
	"docId": "dd6e3c51b52847cebf20adc84614526b",
	"name": "some test content..."
}, {
	"fileName": "upload-test-file6622368146602877191.txt",
	"docId": "498c5bd001364bab852c022dcf6213e1",
	"name": "some test content..."
}, {
	"fileName": "upload-test-file44428019582406414.txt",
	"docId": "422444ecb2714f4e8ff9f5d86f766750",
	"name": "some test content..."
}, {
	"fileName": "upload-test-file9029175344677917502.txt",
	"docId": "ac609bd1afc94229ae1cbca5ad9d5eb5",
	"name": "some test content..."
}, {
	"fileName": "upload-test-file3426675571800654640.txt",
	"docId": "63944526701940b18414e85362062f5d",
	"name": "some test content..."
}, {
	"fileName": "upload-test-file8147647320610684523.txt",
	"docId": "b564c399211c4fee9a7f73ae6e49bb34",
	"name": "some test content..."
}, {
	"fileName": "upload-test-file1421849155043211584.txt",
	"docId": "b933533c331d4f9da66e8d990560db78",
	"name": "some test content..."
}, {
	"fileName": "upload-test-file1220790341655847673.txt",
	"docId": "f010d790b69749b0afc719d163ec97bf",
	"name": "some test content..."
}, {
	"fileName": "upload-test-file5114321070055475472.txt",
	"docId": "345396b26d3f4ba0905642f7056031da",
	"name": "some test content..."
}, {
	"fileName": "upload-test-file8245835067550322511.txt",
	"docId": "158d9385bfea4185a01c2bf85ecc58a5",
	"name": "some test content..."
}, {
	"fileName": "upload-test-file576922492635517776.txt",
	"docId": "fd0b8e26da524db0859bd4b799ac751f",
	"name": "some test content..."
}, {
	"fileName": "upload-test-file3519543379534163294.txt",
	"docId": "ff461cd5c4a347579950a45ba714345a",
	"name": "some test content..."
}, {
	"fileName": "upload-test-file1031101873910209663.txt",
	"docId": "6a4cdca5c214472a88deaa4d546e0b21",
	"name": "some test content..."
}, {
	"fileName": "upload-test-file5599990419564109895.txt",
	"docId": "d03e63869dea42a1ae09e4f0cd6a4370",
	"name": "some test content..."
}, {
	"fileName": "upload-test-file2817574795594346534.txt",
	"docId": "d844f63f3fa243329847f355b87eff4b",
	"name": "some test content..."
}, {
	"fileName": "upload-test-file4336787261454045296.txt",
	"docId": "8310d556e93e47a69f1407adb27e4c55",
	"name": "some test content..."
}, {
	"fileName": "upload-test-file414763118424321633.txt",
	"docId": "e63b534ae8dd47508b1fca398acf362e",
	"name": "some test content..."
}, {
	"fileName": "upload-test-file5758007947594814420.txt",
	"docId": "27576bb57f7a4b6f8757438c83af68a9",
	"name": "some test content..."
}, {
	"fileName": "upload-test-file8151983754776523655.txt",
	"docId": "f6f039640c084d91867539287ffc8ab1",
	"name": "some test content..."
}, {
	"fileName": "upload-test-file6280997626132282765.txt",
	"docId": "b39b036a48fe46389f037a54a0af628c",
	"name": "some test content..."
}, {
	"fileName": "upload-test-file5937284878275817781.txt",
	"docId": "9112ed79f9654762b92addbdbeb8d8e2",
	"name": "some test content..."
}]